horse,tfus_lst,tfus_lst3,rags_lst,rags_lst3,tfus_avg,rags_avg
Tequilla_Sunday,57,69.3,30.5,23.08333333,63.15,26.79166667
Lookbothways,73,81.33,19.25,19.41666667,77.165,19.33333333
Our_Ticket,65,64.6,21,23.41666667,64.8,22.20833333
Sister_Alexa,83,83.3,22,23.75,83.15,22.875
Movie_Score,60,66,29,27.83333333,63,28.41666667
Solitary_Gem,94,89.3,16.75,16.16666667,91.65,16.45833333
OK_Honey,83,75,17.5,22,79,19.75
